<?xml version="1.0" encoding="UTF-8"?>
<metadata xml:lang="en"><Esri><CreaDate>20230405</CreaDate><CreaTime>15080800</CreaTime><ArcGISFormat>1.0</ArcGISFormat><SyncOnce>TRUE</SyncOnce><DataProperties><lineage><Process ToolSource="c:\program files\arcgis\pro\Resources\ArcToolbox\toolboxes\Data Management Tools.tbx\CreateFeatureclass" Date="20220504" Time="145834">CreateFeatureclass "D:\3. Teaching\ENVM3200\Coastal_risk_assessment\riskassessment" roads Polyline # No No "GEOGCS['GCS_GDA_1994',DATUM['D_GDA_1994',SPHEROID['GRS_1980',6378137.0,298.257222101]],PRIMEM['Greenwich',0.0],UNIT['Degree',0.0174532925199433]];-400 -400 11258999068426.2;-100000 10000;-100000 10000;8.98315284119521E-09;0.001;0.001;IsHighPrecision" # 0 0 0 #</Process><Process ToolSource="c:\program files\arcgis\pro\Resources\ArcToolbox\toolboxes\Data Management Tools.tbx\CopyMultiple" Date="20230405" Time="150808">CopyMultiple "'D:\3. Teaching\ENVM3200\Coastal_risk_assessment\riskassessment\Resort Boundary.shp' shapefile_polygon;'D:\3. Teaching\ENVM3200\Coastal_risk_assessment\riskassessment\Resort.shp' shapefile_polygon;'D:\3. Teaching\ENVM3200\Coastal_risk_assessment\riskassessment\pool.shp' shapefile_polygon;'D:\3. Teaching\ENVM3200\Coastal_risk_assessment\riskassessment\Apartments.shp' shapefile_polygon;'D:\3. Teaching\ENVM3200\Coastal_risk_assessment\riskassessment\roads.shp' shapefile_line" "D:\3. Teaching\ENVM3200\Coastal_risk_assessment\riskassessment\Resort" 'Resort Boundary';Resort;pool;Apartments;roads "'Resort Boundary' FeatureClass 'Resort Boundary.shp' #;Resort FeatureClass Resort.shp #;pool FeatureClass pool.shp #;Apartments FeatureClass Apartments.shp #;roads FeatureClass roads.shp #"</Process></lineage><itemProps><itemLocation><linkage Sync="TRUE">file://\\SEES-7SS4TF2\D$\3. Teaching\ENVM3200\Coastal_risk_assessment\riskassessment\Resort\roads</linkage><protocol Sync="TRUE">Local Area Network</protocol></itemLocation></itemProps><copyHistory><copy source="D:\3. Teaching\ENVM3200\Coastal_risk_assessment\riskassessment\roads" dest="\\SEES-7SS4TF2\D$\3. Teaching\ENVM3200\Coastal_risk_assessment\riskassessment\Resort\roads" date="20230405" time="15080800"></copy></copyHistory></DataProperties></Esri></metadata>
